"IR","AR","LEN","FICO"
8.9,20000,36,735
12.12,19200,36,715
21.98,35000,60,690
9.99,10000,36,695
11.71,12000,36,695
15.31,6000,36,670
7.9,10000,36,720
17.14,33500,60,705
14.33,14675,36,685
6.91,7000,36,715
19.72,2000,36,670
14.27,10625,36,665
21.67,28000,60,670
8.9,35000,36,735
7.62,9600,36,725
15.65,25000,60,730
12.12,10000,36,695
10.37,14000,60,740
9.76,10000,36,730
9.99,5200,60,760
21.98,22000,36,665
19.05,30000,60,695
17.99,6500,60,665
11.99,17400,36,695
16.82,4000,60,670
7.9,7200,36,705
14.42,8000,36,675
15.31,8000,36,675
8.59,3000,36,765
7.9,14500,36,760
21,23850,60,685
12.12,14000,36,685
16.49,35000,60,720
15.8,16000,60,685
13.55,17350,36,675
7.9,8000,36,780
7.9,7200,36,720
7.62,20125,36,830
8.9,12000,36,715
12.49,2400,36,660
17.27,3200,36,670
11.14,12725,36,720
19.13,5500,36,660
21.74,15650,36,660
17.27,9000,36,675
11.86,5000,36,715
10.38,3000,36,710
23.91,20000,60,670
7.49,5450,60,785
12.12,14000,36,705
10.38,8800,60,750
17.44,3000,36,660
17.27,32000,60,700
21.49,22250,60,665
17.8,7325,60,680
11.14,16450,36,725
12.98,2500,36,670
9.99,6000,36,715
14.33,27575,36,690
8.59,1000,36,755
11.49,12000,36,705
10.16,30000,36,715
14.33,13500,36,680
15.8,9000,36,665
9.91,15000,36,730
7.9,5300,36,725
13.11,7000,36,685
16.29,20000,36,685
18.25,15000,60,705
14.09,8000,36,695
19.03,24000,60,695
8.9,7500,36,715
11.83,17000,36,735
17.27,12000,36,665
15.31,6000,36,670
13.12,6725,36,670
6.76,4500,36,790
10.83,1600,36,700
17.77,10000,36,665
7.9,18550,36,725
13.06,7450,36,710
7.62,3225,36,760
17.77,23675,36,680
12.12,12000,36,690
16.49,25000,36,695
11.12,16000,36,725
8.9,4200,36,810
14.09,10000,36,675
7.51,6000,36,750
13.11,6000,36,685
16.29,7925,36,665
7.62,16000,36,765
15.81,9525,36,670
14.35,6000,36,675
14.96,10000,36,675
6.62,7000,36,750
5.99,4500,36,765
11.14,12000,36,735
19.72,10375,36,665
18.75,4800,36,670
13.11,6400,36,700
7.9,5000,36,705
6.62,12000,36,740
21.48,23850,60,690
10.65,15000,36,720
7.62,8000,36,765
6.03,20000,36,715
13.11,20000,36,710
14.09,10000,36,690
14.09,18825,36,710
7.9,35000,36,775
6.03,9000,36,815
6.17,4000,36,745
13.99,5750,36,660
15.8,20950,36,690
10.99,8000,36,710
10.16,10000,36,725
14.09,10000,36,675
6.03,14000,36,765
7.66,5000,36,735
19.05,25000,60,700
8.9,35000,36,735
11.14,7200,36,690
8.49,14000,60,760
15.21,15000,36,680
19.72,25000,60,695
14.65,10800,36,675
14.33,20000,36,700
10.74,4000,36,695
15.7,16000,36,675
9.76,1400,36,730
16.32,7500,36,665
14.07,24625,36,675
14.09,5000,36,680
9.91,25000,36,725
16.4,7500,36,660
6.62,34500,36,805
5.79,10000,36,745
9.88,3200,36,740
15.99,5500,60,700
9.76,3000,36,720
23.28,18000,60,660
9.63,10000,36,735
13.11,8800,36,700
11.14,7000,36,705
13.11,8000,36,725
17.27,3000,36,660
7.51,12000,36,735
14.11,3600,36,725
14.33,11625,36,705
21.49,30000,36,670
8.9,16000,36,720
10.75,10800,36,715
16.69,25000,60,705
13.98,10000,60,710
10.91,12375,36,690
11.48,6000,36,705
13.49,8000,36,685
18.25,15000,36,660
17.77,7000,36,665
6.92,8400,36,745
7.9,15000,36,740
14.33,15000,36,665
10.16,2800,36,695
16.29,7750,36,680
8.9,4500,36,700
12.53,17500,36,715
15.31,18000,60,710
15.27,15000,60,720
15.23,6000,36,665
11.14,11500,36,700
13.11,10000,36,685
8.9,12000,36,725
12.12,10000,36,685
21.28,35000,60,680
10.38,7200,60,750
7.9,4000,60,800
11.14,5300,36,740
7.62,1200,36,730
11.14,2500,36,720
14.33,17000,36,700
7.9,16000,36,695
12.69,10000,36,695
10.16,5000,36,700
19.05,4375,36,670
6.03,8500,36,745
16.89,12000,60,675
8.59,6200,36,740
18.49,7000,36,660
12.69,20800,60,730
13.11,19200,60,745
15.8,22000,60,700
19.05,15000,36,675
19.47,7000,36,665
8.9,20000,36,730
6.17,2000,36,745
10.59,18000,60,755
11.48,20800,36,790
7.88,9000,36,725
14.09,6000,36,670
15.8,5000,36,665
14.83,12000,60,685
8,7000,36,750
10,6000,36,715
13.98,17000,36,700
8.94,12000,36,750
7.9,16350,36,730
7.9,20000,36,755
12.12,12300,36,690
13.11,4800,36,690
7.9,14500,36,735
8.9,4200,36,700
14.09,22250,36,690
14.09,8000,36,675
17.77,8325,36,665
13.11,14000,36,730
10.16,9000,36,705
13.11,16000,36,680
11.14,15200,36,760
10.65,24000,36,725
15.31,16450,36,685
12.12,7500,36,710
22.47,4750,36,665
7.9,6500,36,720
18.67,5500,60,660
6.03,9600,36,750
12.12,12000,36,710
7.51,2000,36,730
24.89,18000,60,665
12.12,5825,36,690
15.31,2500,36,670
19.91,7200,60,660
14.33,8000,36,670
20.77,25000,60,665
14.09,2500,36,665
12.84,20000,36,750
13.11,6250,36,720
13.67,12375,36,680
10.16,18000,36,685
6.99,3300,36,760
18.49,21000,60,700
16.29,24575,36,695
7.74,5000,36,750
16.29,20000,36,680
6.62,13250,36,750
8.59,10000,36,790
10.75,20000,36,740
8.49,10000,36,715
12.12,12000,36,710
7.9,8000,36,725
8.94,11000,36,760
7.49,12500,36,730
11.03,7500,36,685
10.16,4825,36,705
16.89,7550,36,670
14.35,8000,36,675
14.09,6000,36,670
15.57,8000,60,700
14.59,3000,36,665
16.29,8000,36,665
5.99,8400,36,750
14.65,35000,36,720
7.9,15000,36,730
10.99,7500,36,800
9.62,24000,60,805
20.5,21000,60,680
7.62,6000,36,730
6.91,4500,36,725
17.77,29000,36,695
15.31,20000,36,690
10.16,7000,36,695
10.36,5000,36,715
17.27,6000,36,665
15.27,10000,36,670
17.49,3200,36,665
17.77,23000,36,685
11.54,5000,36,670
12.69,3000,36,715
10.74,12000,60,715
13.99,20000,60,720
15.8,1200,36,665
6.62,8000,36,780
16.49,10000,60,705
13.06,11000,36,690
16.29,18000,36,670
17.49,24000,60,705
18.75,8000,60,675
11.71,6000,36,685
17.27,35000,36,675
10.36,1000,36,730
15.31,10000,36,680
15.8,6000,36,670
6.03,4000,36,750
11.71,20000,60,745
14.12,3500,36,655
19.99,24000,60,690
14.09,8000,36,690
6.62,12000,36,775
8.9,17600,36,750
12.92,5000,36,665
18.67,8000,60,660
9.88,10000,36,730
6.62,16800,36,800
10.38,6500,60,755
7.9,35000,36,790
14.33,9950,36,685
9.91,5000,36,750
19.05,10000,60,695
13.11,6000,36,685
7.9,35000,36,770
7.9,5600,36,705
7.9,17000,36,795
12.99,15000,60,715
11.14,3000,36,685
17.77,12000,36,665
14.27,25000,36,705
20.49,31075,36,660
14.33,4750,60,740
11.71,6400,36,680
9.91,25000,36,730
6.03,5000,36,785
11.99,12000,60,755
19.72,20000,36,665
15.96,10000,36,665
20.49,9750,36,660
14.09,10000,36,685
10.46,3000,36,680
19.72,25000,60,700
14.22,5000,36,670
5.79,6500,36,730
15.31,8325,36,670
15.31,20000,60,710
12.12,12000,36,710
10.38,9500,60,755
5.79,12000,60,780
11.49,7200,60,715
10.16,8500,36,710
19.05,17475,60,685
12.12,10000,36,690
22.47,18000,60,660
5.42,4800,36,785
7.9,5000,36,720
12.12,20000,36,720
15.31,12300,36,710
22.78,28000,60,675
11.11,1675,36,690
17.04,7500,36,685
12.61,9200,36,675
15.8,8000,36,675
10.99,5000,36,690
18.25,19125,60,690
5.99,5075,36,790
9.62,7000,36,710
12.12,5000,36,675
13.49,35000,60,760
14.65,2225,36,670
10.16,4000,36,715
7.9,16000,36,740
17.77,15500,36,675
13.11,16000,60,695
13.06,9000,60,710
16.49,20000,60,710
18.17,20000,60,685
22.78,30000,60,690
10.59,10000,36,735
19.05,14000,36,660
15.31,18000,60,710
6.62,10000,36,740
13.11,25975,60,735
14.09,10350,36,690
17.77,10850,36,660
5.42,4075,36,770
10.75,14500,60,755
10.16,12000,36,710
22.95,1000,36,665
13.11,5900,36,700
13.11,9950,36,705
6.03,7200,36,790
16.77,14750,60,685
16.7,5000,36,690
14.91,20000,36,715
19.42,18400,60,705
14.11,7200,36,700
13.99,18000,60,725
12.12,8000,36,690
8.9,4000,36,720
13.11,6000,36,690
10.25,6250,36,720
14.09,5375,36,685
15.31,8875,36,665
10.65,7000,36,700
15.31,12000,36,680
18.75,21250,36,670
19.72,3600,60,680
14.33,12000,36,670
14.33,10050,36,690
8.9,4025,36,700
6.62,5000,36,780
11.71,16500,60,775
7.29,10000,36,735
12.29,7500,36,685
6.03,10000,36,755
8.9,10000,36,715
7.9,18000,36,730
16.29,7000,36,680
22.47,22000,60,670
13.11,6000,36,685
6.62,5600,36,750
12.12,9500,36,705
13.11,12000,36,680
10.37,7200,36,675
15.8,5000,36,665
15.96,8250,60,695
22.47,30000,60,690
15.81,10075,60,700
13.11,9050,36,700
10.16,17500,36,700
6.91,10000,36,730
8.9,10000,36,715
15.8,8500,36,690
14.65,16000,36,675
14.09,2350,36,725
7.29,10000,36,730
15.8,25000,60,735
14.33,8000,36,685
13.11,6000,36,670
13.11,4000,36,685
11.14,11500,36,715
9.91,12000,36,705
16.49,15250,60,690
12.68,5000,36,695
7.9,6000,36,715
16.29,18225,60,710
10.38,15000,36,735
5.79,4000,36,760
12.12,27000,60,715
13.85,15000,36,705
10.16,4950,36,725
10,21000,36,730
15.31,9000,36,675
18.75,21000,60,695
19.05,8000,36,660
6.91,23000,60,760
14.65,10000,36,680
9.99,5000,60,730
10.16,5350,36,730
12.42,10000,36,705
10.16,24000,36,720
7.9,24000,36,705
14.09,15475,36,685
21,25000,36,670
9.91,13000,36,730
7.62,7550,36,730
15.31,9600,36,685
15.21,15000,60,700
14.11,7000,36,675
15.31,1000,36,665
12.87,25000,36,720
14.33,24000,36,725
18.49,21000,60,700
13.11,1000,36,670
9.63,16000,60,780
17.27,24400,60,725
7.9,14675,36,720
19.05,12000,36,660
13.11,8000,36,700
13.11,12000,36,685
10.99,16800,60,730
14.33,14500,36,680
16.63,25000,36,680
13.11,28625,60,740
22.95,21000,60,670
9.76,7500,60,780
10.38,11875,36,730
13.67,3600,36,690
15.31,16000,36,695
23.28,20500,60,660
18.25,10000,36,665
17.49,15000,60,695
11.99,10000,36,680
11.71,11000,36,685
19.05,25000,60,690
10.16,15000,36,675
14.09,5600,36,665
11.71,20000,36,720
19.72,25450,60,665
11.12,7000,36,715
12.12,10400,36,690
14.84,25000,36,705
11.97,20000,36,705
17.43,16000,60,675
7.9,15000,36,725
19.72,24625,60,675
13.11,21850,36,690
15.31,6000,36,670
16,6700,36,725
12.21,10000,36,700
15.31,5775,36,670
15.27,14475,36,680
17.27,8000,36,670
12.12,15000,36,700
17.77,10000,36,680
13.49,5600,36,690
16.32,10000,60,685
14.09,13000,36,675
9.99,15000,60,745
12.12,2100,36,680
12.12,12000,36,685
13.16,1000,36,670
14.09,16000,60,735
7.9,14000,36,730
10.16,14000,36,690
12.21,20000,36,725
11.14,17000,36,760
10.74,7350,60,745
10.25,10000,36,775
11.36,20000,36,710
7.14,7000,36,760
12.12,6000,60,715
10,12000,36,715
6.03,4225,36,750
12.29,14700,36,700
6.76,2500,36,755
14.84,4800,36,670
15.96,6000,36,665
6.03,6000,36,750
15.31,1800,36,670
15.8,7200,36,675
12.12,6000,36,680
11.14,15300,36,670
9.32,5000,36,775
17.77,10500,36,665
17.77,6625,36,660
22.47,16000,60,665
16.29,22000,60,675
15.21,5000,60,680
8.9,20000,36,680
13.06,1500,36,670
7.49,8000,36,730
16.29,18225,60,705
7.62,5000,36,740
13.99,10000,36,685
17.77,8000,36,670
10.75,6000,36,720
18.62,24250,60,685
12.69,8700,36,675
14.65,20400,60,725
6.62,9000,36,740
11.14,16100,36,715
21,35000,36,670
7.66,4600,36,700
14.18,14400,36,685
11.14,5000,36,685
19.05,5500,36,660
13.98,25000,60,720
14.09,5000,36,670
14.65,10000,36,710
11.89,20000,36,740
17.14,10000,36,680
9.76,17000,36,740
22.47,25000,60,665
7.9,5000,36,710
13.11,6000,36,685
17.27,8000,36,670
14.09,12000,36,695
8.94,3000,36,720
6.17,5000,60,770
10.16,3200,36,705
18.49,7625,36,670
22.11,3000,60,690
11.49,5000,36,730
12.99,18500,36,685
14.09,18000,36,690
10.59,4200,36,695
7.29,5000,36,725
11.71,19000,60,730
16.77,15000,36,675
19.72,18625,60,680
7.62,6075,36,720
15.31,12500,36,690
15.31,5000,36,665
12.12,10000,36,690
16.77,8000,36,660
15.81,20000,36,680
13.49,9600,36,685
9.76,3600,36,695
18.75,14075,36,690
7.51,3000,36,735
10.16,35000,36,760
6.99,1700,36,750
7.51,8800,36,790
12.18,24250,36,740
11.14,10750,36,720
15.96,6000,36,660
10.16,15000,36,700
14.33,15000,36,700
13.11,10000,36,680
12.12,5950,36,690
10.99,10000,36,700
15.23,4000,36,670
7.88,15000,36,780
15.31,10000,36,665
13.11,8875,36,700
10.74,2400,36,705
20.53,25000,60,675
16.07,5500,36,685
12.53,6000,36,685
19.05,18000,60,690
7.9,28000,36,800
16.29,32000,60,725
13.11,6000,36,690
8.9,7200,60,750
11.14,11500,36,700
5.42,4800,36,790
10.65,4000,36,685
10.65,15000,36,720
17.99,15000,36,675
12.42,25000,36,705
18.75,4800,60,680
6.62,9500,36,735
12.53,15000,36,705
13.98,6000,36,675
6.03,12300,36,740
7.51,24000,36,755
11.12,2000,36,705
9.76,14000,36,710
12.12,10000,36,700
9.63,13000,36,785
16.29,5000,60,690
12.42,6000,36,670
14.33,10050,36,710
7.9,4800,36,720
10.74,14400,36,700
15.31,11625,36,695
10.16,18200,36,720
13.35,20000,36,710
17.27,9600,60,695
11.83,9000,36,715
18.25,35000,60,725
7.51,1900,36,735
13.67,20000,36,710
10.37,2400,36,675
11.71,4500,36,675
12.12,12000,36,710
8.63,10000,36,730
7.9,11575,36,730
6.62,20000,36,720
14.7,6000,36,640
10,2800,36,700
14.09,6000,36,680
6.91,20000,36,735
13.99,22000,60,720
13.11,10000,36,675
12.12,9450,36,690
7.66,10400,36,725
15.28,15875,60,720
12.12,18000,60,730
8.9,8000,36,710
14.33,12000,36,760
6.54,20000,60,795
16.77,10000,36,660
19.03,24500,60,680
12.12,10000,36,695
7.9,3600,36,735
17.49,12000,60,670
10.74,6950,36,685
10.16,8525,36,705
14.33,5000,36,690
18.25,4800,60,695
13.35,6000,36,665
19.22,4000,60,680
6.03,14000,36,745
14.65,23500,36,685
15.95,2500,36,665
6.17,2000,36,745
16.29,24000,60,675
11.49,12800,60,725
7.9,8000,36,725
9.99,3000,36,710
7.9,7000,36,725
13.48,18000,36,690
14.11,9000,36,670
10.99,11000,36,695
7.9,6000,36,720
7.74,6500,36,785
18.49,19500,36,675
17.27,16000,60,695
14.33,18000,60,685
23.33,30000,60,665
14.09,10000,36,660
15.58,16000,60,700
17.58,35000,36,690
13.72,8000,36,665
13.11,14500,36,700
10.62,12000,36,720
13.43,4500,36,670
11.83,16500,36,725
9.91,10000,36,705
19.05,35000,60,690
11.09,21000,36,745
15.45,8400,36,640
7.9,6000,36,705
19.22,12000,36,665
16.89,12100,36,665
14.09,25000,36,675
6.03,16000,36,780
18.25,27000,36,690
18.75,12250,36,665
17.77,10000,36,665
13.67,9175,36,675
15.31,14075,36,680
18.55,13100,36,660
8.9,14675,36,715
11.14,5000,36,710
13.11,18000,36,670
7.62,12000,36,775
14.33,19400,36,680
12.12,18000,36,665
17.77,12000,36,665
13.11,8000,36,675
19.72,23750,60,710
15.58,7500,36,695
12.69,5500,36,680
17.27,16950,60,710
11.14,3000,36,715
13.49,1600,36,670
7.49,6000,36,715
12.12,7350,36,695
17.77,12825,36,670
21,24000,60,685
18.49,10000,60,695
14.33,5500,36,675
14.72,17500,36,695
13.11,10000,36,680
6.17,20000,36,770
6.99,11600,36,735
13.99,12000,60,715
11.26,13000,36,720
17.27,8575,36,665
14.09,6100,36,685
15.31,14000,36,680
14.33,10500,36,670
21.49,19600,60,675
15.8,15000,36,670
17.27,8000,36,725
21.49,20000,36,660
12.53,11000,36,700
17.9,6000,36,675
11.14,12000,36,705
13.11,17000,36,690
7.9,6250,36,720
23.76,27825,60,665
15.31,30000,36,680
14.11,4200,36,675
21.98,3800,36,680
15.31,2000,36,670
14.09,6000,36,680
19.05,21000,60,685
13.49,2500,36,680
16.77,2400,36,690
10.74,13000,36,720
14.65,4800,36,665
9.91,17475,36,730
21.97,16450,60,670
14.65,14000,36,680
17.27,2500,36,665
18.49,8000,36,660
12.53,5000,36,705
13.11,15000,36,690
12.69,25000,60,720
8.9,3000,36,700
7.9,6000,36,705
10.65,7800,36,720
7.9,25000,36,710
15.33,18500,36,660
12.99,12000,60,710
15.99,5000,36,665
10.59,2500,60,745
16.29,16000,60,710
15.31,25000,60,745
16.89,2000,36,660
10.16,2200,36,730
10.25,14000,36,730
13.11,3000,36,670
9.91,11425,36,730
17.27,17325,60,705
8.49,5425,36,730
22.78,20000,60,665
11.71,3300,36,700
17.27,2000,36,670
13.11,26500,36,745
18.55,17975,36,670
13.47,15000,36,700
13.99,16400,60,725
13.99,13500,60,700
15.27,12000,36,670
21.48,16750,60,665
12.18,8000,36,745
9.76,10000,36,710
15.21,10000,36,670
13.85,5525,36,720
19.69,17200,60,705
16.29,19600,36,680
11.48,4000,36,715
13.11,13000,36,735
9.63,8000,36,790
10.08,25000,36,755
10.25,20000,36,750
17.27,27575,60,680
14.33,24000,36,670
18.49,7000,36,660
16.77,12000,60,685
19.03,14000,60,670
11.14,10000,36,725
6.03,7750,36,780
13.67,15000,36,690
11.86,15000,36,705
15.31,25000,36,685
14.91,15000,60,720
16.29,5000,36,660
12.98,5000,36,665
15.31,35000,36,680
15.37,7500,36,675
10.36,25000,60,765
11.12,3800,36,700
8.9,2800,36,700
7.49,6250,36,730
9.91,18000,36,725
17.27,6000,36,660
14.09,20000,36,710
11.14,8000,36,700
6.62,12000,36,790
11.12,24000,60,775
11.49,3000,36,690
6.99,5000,36,745
13.99,21850,60,730
23.28,21850,60,675
13.47,10000,36,690
15.68,15000,36,680
7.29,9600,36,740
20.5,25000,36,670
11.49,25000,60,780
7.9,30000,36,810
16.89,20000,60,700
13.67,14825,36,695
17.27,8000,36,670
11.71,20000,36,720
7.9,7000,36,765
10.62,20000,36,760
11.03,5000,36,680
13.11,17625,36,675
13.11,7150,36,685
10.36,25000,36,720
14.33,15000,36,675
6.62,9000,36,765
16.35,17600,36,665
12.68,10000,36,690
15.2,11200,60,675
15.31,13225,36,680
11.14,4000,36,700
10.99,12000,36,720
19.05,35000,36,735
14.59,25000,36,705
6.03,9000,36,750
12.12,18225,36,700
14.72,4750,36,660
6.62,14400,36,770
23.76,30000,60,660
12.12,13475,36,715
19.05,10000,36,675
6.62,12000,36,740
16.89,6000,60,695
6.54,9500,36,725
10.38,12000,60,780
8.9,5000,36,705
8.9,3600,36,745
14.27,27000,60,735
14.27,10000,36,665
13.11,5450,36,670
15.28,16000,60,700
17.27,9750,36,670
7.51,30000,36,785
12.12,14000,36,705
6.62,8500,36,740
7.9,14400,36,745
7.14,8000,36,765
13.11,12000,36,680
13.11,10400,36,695
18.75,21000,60,695
11.83,6000,36,705
13.67,10800,60,730
14.33,2100,36,690
6.03,4000,36,770
7.62,3500,36,725
12.53,24250,36,725
14.33,19000,60,715
15.33,10500,36,670
18.49,2500,36,670
14.59,16000,36,690
13.75,3000,36,665
5.42,10000,36,780
14.09,7100,36,685
9.32,12500,36,780
13.99,1700,36,675
11.14,4000,36,670
17.99,18225,36,675
16.29,30000,60,735
6.54,10000,36,730
7.9,6000,36,720
12.12,6000,36,675
15.8,6000,36,675
17.77,7000,36,665
15.31,10000,36,670
12.73,3250,36,675
19.72,30000,60,685
11.11,21000,36,700
7.62,11000,36,735
7.14,5500,36,750
7.9,15000,36,770
19.91,20000,60,670
8.07,7200,36,760
18.64,4000,60,675
8.9,20000,36,730
12.12,15000,36,705
11.83,8000,36,730
19.74,15000,60,660
11.14,8000,36,685
14.33,20675,36,710
15.31,30000,60,695
7.66,12000,36,740
9.99,5000,36,695
8.9,4750,36,760
12.12,6500,36,680
10.59,21600,36,720
12.84,1900,36,670
7.9,6000,36,710
7.62,8500,36,720
12.12,9250,36,685
13.49,1875,36,675
12.61,2500,36,675
13.47,10000,36,690
15.23,25000,60,730
13.99,5000,60,710
13.61,6000,60,695
14.22,10000,36,680
6.62,5375,36,730
16.32,19000,60,700
11.89,5500,36,695
10.74,10000,36,700
13.11,8800,60,740
15.95,9500,60,705
5.79,12000,36,765
11.71,16500,36,725
11.71,25000,60,755
12.12,24000,36,700
10.36,7000,36,690
18.25,1200,36,660
13.11,24175,36,710
7.9,2800,36,720
11.71,4000,60,705
12.12,10000,36,665
10.16,7125,36,710
8.32,10000,36,750
13.11,10000,36,695
15.31,4400,36,670
12.12,10000,36,710
12.12,9450,36,700
7.62,3500,36,765
12.69,24000,60,725
10.99,11750,36,700
10.16,30000,36,765
18.75,12000,36,665
14.09,13000,36,695
13.48,5000,36,710
14.33,15000,36,700
13.43,16000,60,745
15.23,12000,60,705
14.33,10050,36,675
15.23,35000,60,760
22.95,30000,60,685
12.18,24250,36,740
6.03,16000,36,790
15.05,9000,36,675
11.12,17000,60,750
7.75,5400,36,760
12.12,12000,36,690
17.27,2000,36,670
12.69,24000,36,710
22.47,16800,60,660
17.27,3000,36,660
12.69,3500,36,665
7.66,4000,36,725
16.29,16000,36,695
18.25,8800,60,685
7.9,19725,36,755
15.96,19750,36,680
20.77,19750,60,670
16.32,10000,36,695
8.63,5000,36,730
6.62,9600,36,760
21.49,30000,60,705
12.42,7000,36,685
10.74,8400,36,720
14.33,5600,36,675
7.88,20000,60,790
12.12,15000,36,720
13.23,17500,60,735
12.12,32400,60,790
12.12,12000,36,685
14.09,10000,36,680
7.88,12300,36,745
11.14,15000,36,690
11.97,5000,36,685
13.11,20000,36,695
16.29,21725,36,695
10,5000,60,735
8.9,10300,36,715
20.49,14400,36,660
16.49,15000,36,680
19.72,35000,60,690
15.8,7000,36,675
15.96,12500,60,695
12.12,18000,36,705
11.89,6000,36,695
8.9,16000,36,725
23.28,35000,60,675
6.62,10000,36,735
24.7,21000,60,675
12.12,8000,36,705
20.3,33600,60,695
14.74,11050,36,675
15.31,16000,36,695
14.65,15000,60,730
14.33,12000,36,685
14.96,4000,36,670
17.99,12000,36,660
10.36,12000,36,690
5.42,7500,36,785
7.88,24000,36,785
15.31,16000,36,690
21.48,12200,60,695
10.16,12000,36,710
15.31,12000,36,665
5.99,9800,36,765
14.72,7000,36,670
11.71,10000,36,720
13.11,10000,36,710
11.99,17000,60,745
19.22,18000,60,675
11.97,15600,36,680
12.41,16750,36,720
12.12,7200,36,680
12.99,1500,36,690
12.12,13600,36,685
24.33,30000,60,670
17.77,10000,36,680
10.25,10000,36,730
11.71,10000,36,695
13.16,7000,36,700
7.9,4700,36,760
9.91,21200,36,720
19.05,15000,36,665
14.17,2800,36,680
13.11,15000,36,700
11.14,24925,60,735
11.71,15000,36,705
6.03,9100,36,780
12.12,12000,36,690
23.28,16250,60,660
18.49,25000,60,715
15.31,30000,36,660
11.59,4800,36,680
12.12,3000,36,680
12.18,17000,36,715
17.56,12000,36,680
19.05,27575,60,670
8.9,5000,36,715
13.11,9000,36,680
13.23,12000,60,730
7.9,16500,36,760
11.89,18000,36,745
18.64,30000,60,720
20.5,30000,60,705
13.16,10000,36,680
15.8,12000,36,675
10.16,10000,36,710
14.65,3800,36,670
10.16,18775,36,715
17.27,7200,36,670
13.99,25450,60,720
11.12,6000,36,705
5.99,8000,36,760
14.27,10000,36,675
14.65,4800,60,695
12.12,7000,36,675
7.9,9975,36,720
22.95,30075,60,680
10.59,10000,36,710
12.12,30000,60,750
17.27,16000,60,695
18.49,21200,36,675
7.51,6500,36,805
9.76,19000,36,725
11.89,6500,36,720
21.49,1500,36,685
23.63,24000,60,660
18.75,20000,36,675
13.49,10000,36,695
9.2,10000,36,730
11.14,10000,60,795
19.91,9000,60,670
11.36,4200,36,685
17.77,6625,36,665
15.96,15000,36,680
14.27,3825,36,670
9.25,4200,36,700
8.9,17325,36,725
18.49,25000,60,720
17.49,8000,36,695
6.62,12000,36,765
6.03,5000,36,765
9.99,14000,36,750
22.78,30000,36,660
8.9,10750,36,765
12.99,24000,60,740
15.31,10000,36,670
17.27,16550,36,675
5.99,3300,36,740
14.09,8000,36,675
16.89,35000,60,745
10.65,14000,36,720
8.9,18000,60,755
13.49,10000,60,720
16.77,3600,36,670
5.79,12000,36,765
20.49,4200,60,660
14.61,4200,36,665
21.74,11200,60,660
15.99,15000,36,675
11.99,12100,36,755
13.98,14000,60,715
5.99,4900,36,770
12.12,19200,36,715
9.76,8500,36,705
7.88,12000,36,760
19.22,21000,60,680
17.99,35000,60,715
12.12,10000,36,685
17.99,10000,60,685
18.49,12000,36,660
11.99,12000,60,720
6.76,4000,36,755
19.72,20000,60,675
13.99,24375,36,695
9.07,7500,36,750
10.74,9550,36,700
20.5,25000,60,690
12.87,3600,36,690
11.11,10000,36,700
6.62,20000,36,790
10.74,35000,36,740
12.12,12000,36,710
14.82,5600,36,655
7.9,20000,36,750
10.16,18000,36,710
7.51,8000,36,765
9.76,4000,36,705
7.9,6000,36,715
17.77,15000,36,670
13.67,20950,60,745
7.9,10625,36,725
10.16,9000,60,755
11.48,20000,36,745
13.11,25800,36,715
6.62,10000,36,760
11.58,12000,36,715
20.49,18650,36,660
12.12,10000,36,710
16.77,14000,36,670
14.09,14000,36,695
17.56,14400,60,670
14.33,8000,36,690
11.83,12000,36,720
13.11,24375,36,705
7.9,3500,36,710
13.67,7900,36,675
12.12,10000,36,695
17.58,10400,60,725
7.14,7500,36,755
14.33,18800,60,720
13.11,21000,36,695
6.62,8500,36,750
11.71,13200,36,705
19.99,3000,60,710
22.47,19200,60,670
18.64,13600,60,675
7.88,6000,36,730
14.65,22000,60,705
15.31,12000,36,665
18.39,5000,36,675
7.9,31050,36,770
7.9,10000,36,730
14.09,10000,36,700
7.9,13250,36,740
14.27,5000,36,695
13.11,14675,36,710
10,7000,36,745
17.77,6000,36,665
12.69,20000,60,735
12.12,7000,36,695
12.12,1500,36,695
18.49,35000,36,705
18.25,20000,60,695
14.27,21000,60,710
6.03,12500,36,755
15.01,25000,36,695
14.46,9600,60,680
13.85,8100,36,675
14.65,15000,36,690
16.32,15000,60,685
11.14,11000,36,695
14.17,9600,36,670
13.11,25000,36,775
13.11,14550,36,685
10.74,10000,36,700
11.14,24000,60,705
10.65,20000,60,745
11.49,25000,36,725
17.77,7200,36,670
14.33,5000,36,675
16.49,20000,60,710
7.91,5600,36,730
7.9,20000,36,750
8.9,6000,36,715
17.49,3200,60,670
14.09,24375,36,710
12.12,25225,36,715
15.95,20000,60,700
17.77,30225,36,710
7.4,7000,36,770
15.65,35000,60,735
9.76,7575,36,725
13.11,15000,36,695
15.81,24000,60,725
15.31,19800,60,675
10.75,9250,60,755
15.96,6000,36,660
15.31,3500,36,685
14.82,7200,36,645
6.03,12000,36,760
7.9,20000,36,730
12.12,3900,36,685
19.22,16000,60,680
15.99,15000,36,675
20.5,28200,60,695
13.49,15000,36,705
13.99,7400,36,675
10.59,15000,36,730
5.99,4500,36,765
14.09,3000,36,680
14.27,9000,36,675
8.9,4000,36,705
17.27,10000,36,665
15.99,6400,60,690
10.16,4325,36,715
13.11,12000,36,695
15.31,10000,36,665
10.16,12000,36,720
12.12,6000,36,690
13.49,2200,36,700
14.27,5000,36,670
19.69,12000,60,665
7.9,3000,36,705
21.49,30000,60,700
12.12,10800,36,695
18.25,10500,36,660
6.62,10000,36,755
12.12,24000,36,715
14.09,16000,36,690
13.99,15000,36,705
21.98,9500,36,660
19.05,35000,36,690
7.9,5000,36,725
11.71,15000,36,700
15.31,5000,36,675
11.14,19000,36,775
15.8,11625,36,680
7.62,25000,36,750
12.69,8000,36,685
8.59,9800,36,760
8,6000,36,765
12.42,10200,36,705
6.62,10500,36,760
7.9,5000,36,725
7.9,17500,36,810
19.03,4000,36,685
12.12,22000,36,715
5.79,5000,36,750
16.29,8000,36,685
18.49,19125,60,700
12.12,16000,36,700
14.59,4500,36,660
22.45,5800,60,665
14.7,10000,36,645
18.75,16750,36,680
12.12,3600,36,695
15.62,10000,36,670
5.42,6000,36,800
7.62,10000,36,735
17.77,10000,36,685
7.49,5000,36,745
23.76,35000,60,665
7.9,7000,36,715
10.2,3000,36,800
15.62,28000,36,695
15.58,15200,60,690
14.65,15775,36,710
10.59,30000,36,765
9.91,3000,36,710
18.49,15350,36,670
9.76,26500,60,785
6,6400,60,695
14.33,13200,36,695
11.49,12000,36,705
6.03,4000,36,800
6.62,2500,36,730
18.55,28000,36,700
8.9,9000,36,730
6.03,6600,36,750
17.27,27050,60,705
15.99,4800,36,675
10.16,7550,36,710
7.74,10000,36,775
11.26,12500,36,730
19.05,27575,36,660
13.11,20000,36,720
14.61,15000,36,730
8.9,18000,36,730
8.9,5400,36,785
15.81,23000,36,695
5.79,8000,36,770
12.69,3000,36,705
6.92,7200,36,780
15.8,15350,36,670
12.12,6000,36,685
13.16,15000,36,755
12.68,5000,60,690
6.76,2575,36,760
13.67,1800,36,670
14.09,10000,36,700
10.74,7750,36,705
16.29,12000,36,660
6.03,10000,36,780
13.67,4950,36,665
6.03,8400,36,760
12.12,3500,36,695
16.29,12000,36,665
22.47,18000,60,660
12.99,14675,60,725
14.09,13000,36,675
13.11,15000,36,695
9.32,8250,36,755
14.09,6900,36,685
20.49,35000,60,685
10.62,25000,36,750
11.14,9600,36,705
6.62,9000,36,755
8.9,6500,36,740
11.14,1750,36,720
5.42,5000,36,750
15.8,6000,36,670
14.09,25000,36,700
14.33,13000,36,690
7.9,5875,36,720
16.29,5000,36,660
16.45,16000,60,680
9.62,12000,60,730
12.12,35000,36,720
5.79,4800,36,735
11.11,6500,36,680
13.06,25000,36,735
7.62,1000,36,785
13.48,16000,36,700
15.13,7675,36,645
8.9,13600,36,720
15.31,12000,36,680
10.37,15000,36,750
18.49,7125,36,675
21.67,35000,60,675
13.11,11575,60,725
7.4,5000,36,780
7.62,5000,36,735
13.24,5000,36,660
7.9,7000,36,720
14.5,20000,36,715
6.92,7000,36,735
10.25,20000,36,760
7.9,6000,36,725
7.66,14000,36,735
19.05,30000,36,685
17.58,18225,36,660
7.29,12000,36,720
12.12,10000,36,690
14.91,16300,36,675
13.87,11000,36,670
15.58,25000,60,785
12.12,24000,36,670
7.49,6000,36,715
11.49,10000,60,765
8.9,2000,36,730
11.14,6625,36,690
16.71,20000,36,660
9.63,12000,36,745
7.29,4200,36,765
13.11,6950,36,715
7.51,6000,36,765
10.99,8400,36,700
7.88,5000,36,725
10.16,4750,36,695
10.75,15000,60,785
16.29,12000,36,670
7.68,4000,36,790
12.61,12800,60,725
8.9,12000,60,795
13.49,9425,36,670
12.42,28000,36,730
21,30000,60,710
18.39,9600,36,660
12.84,7800,36,695
10.65,12000,36,720
15.31,9600,36,675
10.62,6000,36,705
11.11,7500,60,720
6.03,7000,36,760
11.71,10000,36,685
12.61,3200,36,665
10.38,13000,36,725
24.7,35000,60,660
6.62,20800,36,710
16.29,1600,36,660
6.03,10050,36,750
17.99,8000,36,670
12.12,16000,36,715
7.9,11700,36,720
12.12,13475,36,705
5.42,14500,36,800
14.61,5000,36,665
6.62,13600,36,750
8.9,2200,36,715
9.76,9000,36,705
22.47,27925,60,685
14.33,9450,36,670
20.25,15175,60,665
7.49,10000,36,735
16.29,16000,36,680
15.31,13200,36,680
18.75,20000,60,695
17.77,8500,36,665
14.27,3000,36,670
15.31,10000,36,675
16.29,14075,36,700
19.72,19000,60,680
12.84,25000,36,760
13.11,9000,36,685
13.11,6775,36,685
15.23,2200,36,675
8,10800,36,790
14.33,16800,60,675
15.62,3500,36,660
18.79,9250,60,660
7.49,23400,36,740
7.9,10375,36,745
14.09,9325,36,695
21.48,18000,60,665
8.9,5375,36,720
15.8,3700,36,690
18.49,19125,36,675
15.31,1625,36,745
16.77,26000,60,730
18.25,6650,60,680
11.49,1000,36,670
14.42,18000,36,720
12.84,8000,36,680
15.65,4575,36,680
21.97,35000,60,690
12.12,10000,36,695
18.49,32350,36,660
12.98,16000,36,700
14.09,13750,36,690
11.14,5600,36,665
23.76,21000,60,660
7.9,12000,36,730
13.49,12000,36,680
13.99,3600,36,670
16.32,25000,60,705
9.25,8400,60,760
15.8,24375,60,700
15.8,8575,36,675
12.12,13800,36,695
11.49,17000,36,695
13.67,11000,36,675
14.35,7800,36,680
10.59,3725,36,695
17.27,11000,36,665
15.31,8500,36,670
9.76,10000,36,705
11.71,12000,60,725
12.12,31500,60,755
15.31,19000,60,705
10.16,12000,36,695
10.16,19125,36,725
16.07,6525,36,700
7.9,8975,36,725
6.03,6000,36,780
19.22,20800,60,680
14.27,8400,36,680
18.49,20000,36,675
12.12,18550,36,710
12.12,9600,36,685
6.03,6000,36,775
15.31,14000,36,680
12.98,17000,36,705
10.65,13250,36,700
9.76,13000,36,705
12.12,20000,36,700
15.31,7000,36,670
17.27,12000,36,665
7.62,4200,36,735
11.89,15000,36,715
6.54,1775,36,725
12.12,10000,36,695
12.69,14400,60,730
8.49,16000,36,735
13.48,10000,36,680
5.79,3000,36,745
7.9,20000,36,750
15.8,6000,36,685
13.49,7050,36,680
12.12,11325,36,725
16.29,2000,36,670
12.53,11000,36,690
14.33,10000,36,700
16.29,15000,36,665
18.64,23000,60,690
15.31,10000,36,675
12.23,4000,60,705
10.74,13000,36,715
9.33,5000,36,715
7.51,6400,36,735
7.9,3825,36,745
17.99,8000,36,660
17.27,8000,36,665
15.31,6000,36,660
8.9,2500,36,715
13.11,10000,36,685
9.76,14600,36,730
21.14,24000,60,660
7.9,2200,36,770
13.11,10000,36,680
9.76,5000,36,695
7.51,12300,36,735
13.22,2500,36,690
12.73,15000,36,700
10.74,1000,36,715
11.71,18000,36,700
15.8,5000,36,700
9.99,6000,36,685
10.37,2500,36,705
10.16,6000,36,710
7.75,7000,36,765
13.06,4200,36,680
14.09,12500,36,685
16.32,15400,60,695
17.77,30000,36,710
16.29,20700,60,720
13.11,7000,36,685
7.9,8000,36,755
20.99,18000,60,670
6.62,12000,36,745
12.69,5500,36,670
10.99,18000,60,750
16.29,5400,36,660
12.12,18000,60,730
10.74,3000,36,705
7.62,21000,36,775
17.77,8000,36,725
7.88,1750,36,735
8,7500,36,795
14.65,9500,36,685
14.09,14500,36,705
19.99,4800,36,660
6.99,3800,36,740
17.27,20675,60,710
19.05,27050,60,690
15.33,8000,36,675
15.27,5300,36,660
7.9,5000,36,730
8.9,15500,36,700
7.91,11200,36,720
23.76,16000,60,665
15.8,21850,36,690
8.9,2400,36,705
5.79,2700,36,750
19.42,30100,60,705
14.33,20000,60,720
6.62,6000,36,805
14.65,2000,36,685
12.86,3200,36,670
13.49,18000,60,740
15.27,15000,36,680
11.99,5000,60,725
13.67,7500,36,700
17.99,16000,36,665
7.9,20000,36,755
15.8,24000,60,665
15.95,25000,36,685
6.03,3000,36,750
11.48,8000,36,735
10.99,13000,60,740
6.03,8000,36,815
12.12,10000,36,695
12.53,20000,36,780
15.31,21700,36,695
11.99,2500,36,680
14.96,10000,36,670
7.9,17000,36,735
6.62,10000,36,765
18.55,14100,36,665
20.49,26500,60,690
12.12,12000,36,710
13.87,2200,36,640
7.62,7200,36,730
8.32,6500,36,740
17.27,19750,60,710
14.91,21000,60,725
15.81,3500,36,665
7.49,2650,36,725
13.11,15000,36,695
14.33,4800,36,695
17.99,12000,36,670
6.62,6000,36,760
7.9,12000,60,790
12.12,1550,36,680
15.31,35000,36,695
7.14,3000,36,730
10.25,15000,36,720
18.49,14400,36,665
9.88,12000,36,755
19.99,20000,36,660
7.66,11700,36,745
13.11,7750,36,660
19.91,12000,60,660
7.14,6000,36,760
7.9,5000,36,720
16.29,6000,36,665
10.36,25000,60,755
7.62,23000,36,810
13.11,10000,36,700
7.88,4800,60,765
12.12,20500,36,705
18.79,21000,60,690
7.9,7500,36,820
16.4,16800,36,675
11.66,10000,36,685
16.49,12000,60,685
18.25,17900,60,705
17.15,24000,36,670
14.33,9600,36,670
12.68,8000,60,700
13.43,9000,36,690
14.65,10000,36,675
16.29,8000,36,665
16.32,12000,60,680
11.14,20000,36,715
7.88,4800,36,710
19.42,28000,60,685
11.14,10000,36,705
6.62,7300,36,730
7.9,8450,36,730
21.98,20000,60,675
21.98,16000,60,665
17.27,30000,36,695
15.23,12000,60,700
11.83,24500,36,810
13.75,3000,36,640
15.31,8000,36,680
8.94,17000,36,775
11.71,4200,36,680
14.27,1400,36,680
14.65,2500,36,670
15.31,12000,36,675
11.71,2200,36,725
16.29,35000,36,660
14.09,12000,36,695
13.99,9600,36,670
6.03,16500,36,815
11.86,15000,60,730
11.49,1500,36,685
12.12,4000,36,705
10.75,4325,36,705
6.91,3600,36,715
7.62,28000,36,730
13.11,15000,36,695
15.31,5000,36,660
13.67,21000,36,710
17.14,5000,60,680
10.16,14400,36,705
13.11,13600,36,680
7.74,7500,36,775
19.05,18000,36,685
7.88,15000,36,755
12.12,4800,36,680
13.11,10000,36,680
18.25,26500,60,720
11.14,15800,36,745
8.9,20000,36,735
15.31,7000,36,685
7.62,24000,36,760
14.65,12000,36,685
10.59,10000,36,685
11.99,23000,36,725
17.51,14000,60,695
18.75,18000,60,695
10.16,7000,36,705
7.9,12700,60,775
13.98,12000,60,700
11.14,4500,36,690
7.88,1000,36,715
15.81,1000,36,665
12.12,10550,36,685
14.09,17825,36,690
14.09,10750,36,720
7.9,13600,36,740
22.47,20000,60,670
14.33,10050,36,685
8.9,30000,36,740
17.27,27575,36,700
13.11,14675,36,695
14.09,10000,36,675
7.9,7275,36,720
17.27,4200,36,660
11.86,25000,36,730
19.69,13500,60,665
15.31,2200,36,675
13.99,20000,36,700
13.11,14000,36,680
6.62,12000,36,730
13.67,4200,36,710
11.14,7100,36,690
14.65,15000,36,700
10.95,15000,36,750
14.65,9000,36,665
23.83,23300,60,660
15.8,20000,60,690
13.99,2000,36,670
13.98,25000,60,720
15.21,11975,60,695
15.8,10000,36,675
11.48,9000,36,715
16.02,15800,60,710
13.3,10000,36,660
13.24,3600,36,655
13.11,10000,36,700
20.5,19500,36,675
7.49,18000,36,755
8.88,22000,36,725
14.07,22350,36,670
13.92,5000,36,700
7.62,20000,36,770
8.9,7000,36,720
14.09,15000,60,750
10,10000,60,805
21.49,25000,60,680
13.11,14400,36,700
10.65,10000,36,710
16.29,19750,36,700
11.71,10000,36,695
13.57,4550,36,680
10.83,7500,36,745
11.99,13075,60,715
7.9,7000,36,710
7.49,3000,36,800
14.46,18000,36,685
16.29,14675,36,695
14.09,10000,36,675
10.74,9600,60,725
13.11,10000,36,660
6.91,1500,36,715
14.09,10000,36,680
13.11,7000,36,685
16.82,4000,60,685
7.9,16750,36,710
12.92,5600,36,660
14.33,11950,36,700
13.99,12000,60,715
7.51,5000,36,755
12.12,3800,36,705
10.65,9000,36,700
9.76,5000,36,695
11.86,7000,36,690
10.99,5000,36,725
11.99,20000,60,740
14.35,2000,36,665
13.11,29175,36,695
11.49,9000,60,750
18.55,27000,60,715
13.11,20000,60,720
10.16,10000,36,710
8.49,10000,36,715
6.03,8000,36,755
7.49,12000,36,740
17.27,35000,60,705
6.03,11875,36,780
15.99,20000,60,700
11.78,18000,36,705
15.95,8000,60,665
6.54,24000,36,755
12.12,11500,36,695
16.89,2000,36,675
16.77,12800,60,685
19.91,10000,36,680
16.82,4800,60,660
18.55,10000,36,670
14.33,25000,36,710
11.71,5000,36,705
7.9,4800,36,720
14.33,16475,60,725
7.9,8000,36,725
10.99,5000,36,700
19.72,28350,36,695
15.58,16000,60,700
17.93,15000,60,670
8.9,6000,36,700
17.27,21000,60,680
7.9,6000,36,725
14.33,10500,36,670
15.8,16000,60,680
10.74,10000,36,720
11.58,5000,36,700
19.74,30000,60,700
14.46,12000,60,690
21.97,35000,60,685
20.3,25200,60,690
13.11,2000,36,680
17.77,12000,36,670
8.9,12500,36,715
6.62,8000,36,745
12.12,5000,36,685
14.65,12800,36,680
7.62,33000,36,805
6.99,15000,36,810
7.62,5000,36,725
14.22,7000,36,670
14.09,13450,36,685
14.09,20375,60,740
15.8,1200,36,665
6.03,16000,36,805
14.33,2000,36,675
13.92,11200,36,680
7.62,28000,36,730
21.98,28000,60,680
15.05,3000,36,660
12.12,7200,36,680
5.42,4600,36,775
6.99,8000,36,790
18.49,20125,36,675
14.33,19050,60,740
18.79,21850,60,680
10.38,5000,36,715
15.31,12000,36,670
6.03,5800,36,760
11.71,10000,36,710
7.9,4800,36,705
10.99,8000,36,705
16.29,9750,36,670
12.69,4000,36,705
10.99,3000,36,695
15.8,16000,36,690
9.63,12000,36,750
11.78,7500,36,690
7.9,9600,36,725
22.95,23850,60,670
14.09,6250,36,680
7.88,16750,36,745
12.69,4000,36,730
19.22,23500,36,670
12.87,3600,36,705
7.29,1900,36,725
7.9,22500,36,755
8.49,12000,60,780
12.69,15000,60,730
17.27,32000,36,705
24.2,24000,60,665
15.8,5500,36,670
7.88,7300,36,735
13.11,25000,60,740
11.14,4575,36,690
14.96,10000,36,685
15.96,20000,60,705
11.14,11100,36,715
10.74,17000,60,760
13.67,12000,36,675
12.12,24000,36,715
17.77,7000,36,690
12.12,10000,36,695
6.62,14000,36,745
7.62,3250,36,745
11.14,18000,36,715
21,19500,36,660
6.03,5000,36,785
17.58,20000,60,700
13.49,6000,36,680
14.09,14300,36,695
12.12,12800,36,690
7.9,3000,36,720
13.11,25000,36,705
12.12,18000,36,700
15.31,9750,36,665
12.42,5000,36,695
13.11,4000,36,685
7.9,1200,36,710
17.27,12000,36,660
16.29,5000,36,665
7.9,21700,36,780
16.29,21850,60,715
11.36,12000,36,705
18.49,7000,36,675
23.76,32000,60,700
14.27,13000,60,720
12.42,12000,36,680
19.03,25475,60,680
11.14,10000,36,700
12.12,5000,36,695
7.51,10000,36,760
14.33,4000,36,675
10.38,8000,36,720
10.65,35000,36,735
11.03,9000,36,685
6.03,9000,36,775
17.27,24000,60,675
13.11,18000,60,750
13.8,4000,60,695
6.62,15000,36,755
17.27,6075,36,660
17.49,13800,60,710
18.64,10000,60,700
10.99,8000,36,735
17.27,15000,36,670
6.62,4800,36,815
12.23,24250,60,730
6.91,7000,36,715
12.12,10500,36,700
21.49,25000,60,690
14.33,21000,60,715
14.26,14400,36,685
10.74,9600,36,720
8.88,12000,60,795
11.86,10000,36,705
14.65,4000,36,665
21.49,20000,36,665
22.95,31300,60,665
7.9,6900,36,710
17.88,30000,60,690
12.42,2000,36,675
7.9,12000,36,725
10.37,3300,36,690
14.33,25000,36,695
10.38,6000,36,720
21,3250,36,690
12.23,16500,60,715
21,31000,60,705
14.33,4000,36,750
17.49,6000,36,665
6.62,7500,36,710
8.49,12000,36,745
18.49,20000,36,685
22.47,24000,60,675
19.99,7500,36,660
17.54,6250,36,655
6.92,5000,36,755
10.74,10000,36,710
6.91,12000,36,710
9.32,7000,36,745
7.49,4000,36,755
13.11,7800,36,680
15.27,15000,36,680
18.49,14125,36,670
5.42,8000,36,780
7.49,4325,36,715
13.49,15000,36,705
10.16,12000,36,710
8.9,6575,36,710
10.16,9000,36,710
8.88,4500,36,710
10.25,20000,36,750
13.11,1950,36,680
16.29,35000,36,705
14.09,8000,36,675
10.59,15000,36,740
7.66,5650,36,700
15.8,6800,36,680
19.05,3000,36,660
11.14,5675,36,705
17.93,12000,60,670
15.31,11100,36,680
19.05,16000,60,690
10.59,4800,36,710
15.31,6200,36,665
10.16,6000,36,710
10.36,2250,36,680
13.61,24000,60,715
12.12,10000,36,695
14.09,10000,36,670
13.11,12000,36,665
13.11,12000,36,690
12.21,20800,36,750
12.69,8000,36,695
10.16,10000,36,705
14.27,6000,36,675
12.12,4500,36,675
7.49,3600,36,740
15.8,11200,36,675
11.49,4000,36,695
13.49,6000,60,690
13.11,17000,36,720
13.11,8000,36,665
7.4,2800,36,805
6.03,12375,36,790
17.27,18825,60,690
11.14,9600,36,715
13.11,14400,36,680
17.56,6000,60,660
6.03,9000,36,770
11.86,20000,60,735
13.06,15000,36,685
11.14,20000,60,735
19.69,13750,60,665
17.19,6000,60,675
7.9,20000,36,735
11.49,12800,60,720
6.03,6000,36,780
7.51,12000,36,735
13.11,12500,36,690
17.58,5000,36,665
14.33,4950,36,675
13.11,30000,60,755
12.12,10000,36,670
14.65,6000,36,670
7.9,24000,36,750
10,14000,60,745
7.49,6000,36,715
13.11,22400,36,690
7.9,8000,36,795
20.49,24575,36,665
14.83,8000,60,675
14.33,10000,36,670
10.65,29000,60,745
6.03,5400,36,805
6.62,12375,36,735
16.29,30000,60,720
6.03,5000,36,770
18.64,6200,60,670
7.49,7000,36,750
21,29175,60,695
17.49,35000,60,725
16.89,6000,60,680
12.42,35000,60,730
13.79,16400,36,680
13.49,8450,60,775
17.99,18000,36,665
13.49,12375,36,675
5.42,10000,36,795
14.09,2000,36,680
21.98,12000,60,665
7.62,5000,36,740
6.03,12000,36,785
13.99,6000,36,665
9.99,13000,60,800
17.27,4750,36,755
18.49,10000,36,665
15.31,1000,36,675
16.29,9600,36,670
14.09,3625,36,665
13.11,10000,36,685
12.42,19425,60,745
13.67,8400,36,695
13.99,10000,36,680
13.23,6000,36,685
14.33,10000,36,670
12.12,6000,36,675
15.31,16000,60,675
17.27,22000,36,660
21.27,25000,36,670
19.72,13200,36,665
9.99,24000,60,765
15.05,12250,36,660
11.14,21000,60,705
14.33,9000,36,685
11.14,5000,36,690
8.9,35000,36,775
21.98,20000,60,670
7.9,12000,36,705
13.49,10000,36,680
13.11,10750,36,685
14.83,4000,36,680
13.11,10450,36,705
8.9,3000,36,725
12.12,11000,36,695
13.11,7500,36,690
11.12,7350,36,710
10.74,10000,36,720
17.27,8000,36,665
23.83,33600,60,660
15.27,12000,60,700
17.49,5000,60,670
11.14,10000,36,715
10.16,2075,36,700
16.82,16000,36,665
12.12,6000,36,695
13.99,8600,36,680
7.9,16800,60,815
7.51,7200,36,755
13.11,9000,36,700
12.87,10000,36,715
14.09,11350,36,675
17.27,6000,60,685
12.12,4000,36,680
10.74,6400,36,690
18.25,3000,36,660
5.79,1125,36,750
13.11,28000,60,795
8.9,6000,36,685
6.03,5000,36,795
20.3,20000,60,665
7.49,9200,36,730
13.11,35000,60,740
20.49,18000,60,675
7.49,8250,36,720
7.49,1200,36,710
9.63,10000,36,705
17.27,35000,60,700
15.31,18000,36,690
18.39,20000,60,705
11.14,5500,36,690
22.47,35000,60,660
21.98,35000,60,695
21.49,20950,60,675
9.63,1500,36,695
19.99,12000,36,660
14.33,10000,36,690
18.49,9750,36,660
7.49,5600,36,740
13.11,11200,60,720
13.43,4000,36,670
8.9,7000,36,700
6.03,18000,36,735
12.61,5000,36,695
9.25,10000,36,705
19.69,9800,60,665
12.12,20000,36,685
18.29,5100,36,640
11.14,8875,36,700
5.99,4400,36,765
11.71,35000,60,745
18.49,3000,36,660
12.42,4800,36,690
11.71,5375,36,720
11.99,14000,60,705
13.23,19800,36,730
13.11,13025,36,675
18.49,18000,36,675
7.68,2500,36,785
7.14,5000,36,755
11.14,4500,36,685
8.9,15000,36,740
20.49,35000,60,715
8.49,4500,36,795
17.27,4500,36,675
7.51,1450,36,740
14.96,6000,36,760
6.54,4500,36,725
6.62,14000,36,750
6.03,15000,36,800
10.99,22000,60,760
11.03,10000,36,695
20.49,35000,36,700
20.49,10000,36,685
13.98,6000,60,695
15.8,10000,36,675
8.94,10000,36,785
13.3,12000,36,660
14.65,9600,36,675
22.11,17800,60,660
7.62,2000,36,765
21,18825,60,680
13.06,3000,36,705
13.11,2000,36,670
17.77,9000,36,670
13.11,5750,36,705
19.22,21725,60,675
7.9,20000,36,725
13.49,15350,60,730
14.33,8400,36,670
7.49,4500,36,720
15.31,9950,36,675
7.9,15000,36,725
10.99,10000,36,705
18.25,12000,60,660
12.21,8000,36,695
6.03,3000,36,765
14.33,15000,36,680
17.77,12700,36,685
11.11,16000,60,765
7.9,7200,36,710
20.25,30000,60,695
14.65,20125,36,695
15.27,12000,36,670
10.62,5000,60,745
11.36,8000,36,705
6.62,3600,36,735
9.63,8800,36,755
19.22,18000,60,690
23.76,20000,60,660
5.99,4350,36,780
10.99,12000,60,735
13.67,5400,36,680
12.68,12000,60,700
17.77,12000,36,665
7.9,6700,36,705
11.71,3750,36,675
13.67,8000,36,685
11.49,4500,36,695
17.14,6000,60,660
23.28,19400,60,660
17.93,25000,60,690
14.27,8800,36,695
13.99,4800,36,680
17.77,5175,36,660
10.75,10000,60,795
11.14,12000,36,720
7.51,5000,36,750
17.27,33600,60,730
13.11,10000,36,700
16.29,12000,36,695
14.33,4000,36,665
15.8,20000,36,690
14.09,12000,36,675
21,17500,60,685
11.71,10000,36,690
14.22,3000,36,665
8.59,5600,36,735
15.8,10000,36,670
8.49,5000,36,720
21.49,16000,60,670
10.75,4800,36,710
18.75,24925,60,710
12.12,4825,36,680
18.25,18750,60,675
15.31,5000,36,675
13.17,7500,36,675
16.82,10000,60,680
7.9,5300,36,760
9.63,5000,36,730
13.23,25000,60,735
11.89,9250,36,745
10.75,19000,60,775
6.03,2000,36,750
20.49,7200,60,670
14.09,8000,36,695
11.71,13000,36,685
16.29,8000,36,670
9.63,14000,36,760
12.69,1400,36,700
8.9,9500,36,735
11.14,12700,36,705
9.76,10000,36,725
11.89,6000,36,735
13.99,5200,36,680
15.81,9000,36,675
14.74,12000,36,695
9.07,6600,36,740
13.99,10000,36,670
11.49,1800,36,695
18.75,19000,60,695
20.49,24000,60,685
11.14,11500,36,700
13.67,12100,36,690
17.99,12000,60,675
15.31,12000,36,675
19.72,10000,36,665
15.31,8875,36,680
17.77,10625,36,660
14.11,12000,36,670
17.27,10000,36,660
20.49,12000,36,660
11.99,14000,60,720
17.58,16000,60,705
15.81,10000,36,670
16.29,3625,36,720
12.12,8400,36,690
15.05,1600,36,665
16.29,3600,36,665
17.51,14000,36,680
6.03,15675,36,795
11.89,6000,36,725
8.9,10000,36,695
7.9,29000,36,765
12.42,4800,36,670
8.94,5000,36,740
12.53,7000,36,695
16.29,20000,60,705
12.12,9000,36,690
12.42,4400,36,715
11.71,3000,36,695
14.33,6250,36,675
6.03,14000,36,770
14.27,30000,36,715
12.42,19600,60,745
13.11,1600,36,670
13.99,8000,36,670
12.92,2500,36,670
16.29,16075,36,695
14.26,4900,36,720
11.99,14400,36,710
20.49,7750,36,660
5.79,4200,36,750
12.68,35000,60,785
12.12,12800,36,695
8.9,8000,36,720
18.64,25000,60,695
8.49,5000,36,730
11.49,4000,36,720
18.49,2875,36,665
16.02,1800,36,660
13.49,7200,36,725
12.12,6000,36,680
7.9,15000,36,745
14.33,10375,36,680
15.8,25000,60,700
8.59,7900,36,810
15.31,10000,36,680
7.68,6000,36,780
17.77,7000,36,675
14.61,5500,36,665
14.33,7000,36,690
6.62,12000,36,750
6.99,10000,36,780
14.91,9800,60,690
13.11,15000,36,690
7.91,12000,36,725
13.72,19000,36,705
13.49,10000,36,690
19.41,14725,36,660
14.09,17500,36,690
12.53,10000,36,700
10.37,12000,36,705
6.62,32550,36,805
12.12,17475,36,680
7.9,7200,36,725
7.62,7125,36,805
14.96,20500,60,730
19.72,18000,60,695
18.25,15000,36,665
10.37,14000,60,785
12.21,4800,36,695
14.33,8000,36,670
18.25,35000,60,725
7.74,3600,36,735
11.49,20000,36,715
22.45,20000,60,660
14.27,10000,36,680
9.91,10000,36,710
7.51,4500,36,765
7.9,8000,36,725
9.76,7425,36,705
6.03,12000,36,725
15.27,9000,36,670
16.29,28000,36,710
13.67,15575,36,710
12.12,10500,36,710
16.83,8500,36,680
19.72,3600,36,665
7.29,12000,36,740
11.83,24250,36,755
12.69,20000,36,710
12.12,14000,36,695
6.03,10000,36,775
12.42,8000,36,705
17.51,20000,60,695
12.12,3500,36,675
20.89,30000,60,695
17.77,12000,36,675
19.03,12250,60,660
7.88,9000,60,800
14.09,31825,60,750
19.03,24000,60,680
8.94,12800,36,815
13.99,20000,60,745
12.69,15000,36,705
14.17,15000,36,690
13.93,5000,36,660
14.09,14000,36,690
13.67,21000,36,705
6.92,5000,36,725
12.12,5000,36,675
11.14,8000,36,710
22.47,10000,36,675
6.99,7000,36,775
6.03,11000,36,790
20.49,28000,60,710
10.99,24000,36,740
8.9,15000,36,735
24.89,24000,36,660
15.96,5000,36,660
10.59,10000,36,730
18.55,16000,36,660
14.11,10000,36,680
18.49,8000,36,670
11.71,10000,36,695
5.79,5000,36,760
22.78,20000,60,665
7.88,3700,36,720
17.77,15000,36,670
14.09,9700,36,665
18.49,8450,36,660
20.49,25000,60,690
13.49,25000,60,745
17.77,15000,36,670
19.05,14575,36,660
21,14775,60,675
11.49,2000,36,700
10.16,2575,36,695
14.33,4200,60,700
20.52,8000,36,675
14.79,9500,60,710
9.88,16750,36,750
13.11,12300,36,685
17.27,4000,36,665
18.3,20000,60,690
12.68,12000,60,705
14.33,4375,36,675
14.59,3000,36,660
6.62,13000,36,750
8.9,16200,36,725
8.9,11400,36,740
18.49,25875,60,715
19.04,15000,60,680
22.95,20950,60,665
14.79,14000,60,710
16,2000,36,665
7.9,25000,36,765
10.16,28200,60,780
18.64,20000,60,680
16.29,24000,36,690
17.27,21850,60,710
13.22,20000,36,705
13.85,16000,36,685
11.14,10000,36,720
14.09,20000,36,710
7.9,1000,36,720
11.49,3500,36,690
7.9,15000,36,735
13.67,19000,36,685
6.03,12000,36,755
22.47,22750,60,670
7.29,9800,36,730
7.29,3500,36,715
10.74,20000,60,755
22.95,20000,60,665
7.9,19000,36,770
22.45,17300,60,685
15.13,7000,36,650
18.75,7200,36,660
14.09,10000,36,675
14.09,4000,36,675
8.9,17500,36,730
11.71,20000,36,725
15.8,16200,60,680
6.03,10000,36,760
6.62,27000,36,810
7.51,4500,36,720
14.33,15875,36,675
10.16,15000,36,690
10.75,25000,36,765
17.27,7000,36,665
19.99,15000,36,660
15.81,17000,36,685
18.75,19075,36,670
11.71,10000,36,710
7.62,8475,36,720
10.08,6400,36,710
23.28,30000,60,675
14.65,24000,36,685
16.77,30000,60,705
14.09,16000,60,740
13.99,10000,36,680
12.42,6000,36,675
13.79,9000,36,670
